"id","name","creator_id","created_at"
1,"malesuada malesuada.",10,"1641478810000"
2,"Integer aliquam",2,"1698201181000"
3,"Etiam gravida",35,"1658237577000"
4,"Nunc laoreet",36,"1673824694000"
5,"ut erat.",32,"1677535155000"
6,"arcu. Morbi",27,"1676912399000"
7,"Duis at",68,"1663725050000"
8,"sagittis. Duis",3,"1691235710000"
9,"nulla. Integer",96,"1651825261000"
10,"imperdiet ornare.",15,"1697604128000"
11,"erat volutpat.",70,"1658310470000"
12,"a, magna.",79,"1680515231000"
13,"Cras vehicula",12,"1682276640000"
14,"justo eu",35,"1685195315000"
15,"vel est",82,"1653883251000"
16,"non, egestas",19,"1699821943000"
17,"ut quam",2,"1676856270000"
18,"Donec dignissim",73,"1669557943000"
19,"fringilla mi",40,"1654066022000"
20,"posuere, enim",69,"1686790135000"
21,"feugiat placerat",20,"1697276423000"
22,"varius. Nam",65,"1653693634000"
23,"Etiam imperdiet",46,"1663987216000"
24,"libero. Morbi",88,"1695254541000"
25,"Proin dolor.",33,"1662201142000"
26,"aliquet molestie",94,"1663971902000"
27,"ipsum. Phasellus",54,"1663555734000"
28,"mauris, rhoncus",87,"1653585734000"
29,"eu lacus.",66,"1693923801000"
30,"magna. Phasellus",21,"1645340882000"
31,"risus. Nunc",6,"1645979061000"
32,"orci quis",37,"1663396502000"
33,"aliquet nec,",86,"1694784760000"
34,"sem molestie",44,"1675009553000"
35,"dui. Cum",96,"1642863881000"
36,"In scelerisque",97,"1650344727000"
37,"Proin dolor.",77,"1647403275000"
38,"ornare lectus",81,"1639886882000"
39,"tellus non",47,"1669484178000"
40,"convallis convallis",50,"1646974188000"
41,"cursus, diam",68,"1688689926000"
42,"dictum augue",48,"1651744663000"
43,"vestibulum nec,",17,"1653441633000"
44,"urna. Nunc",59,"1647367381000"
45,"euismod urna.",3,"1652601834000"
46,"scelerisque, lorem",21,"1692846708000"
47,"sem, vitae",19,"1649666565000"
48,"vitae erat",91,"1657440708000"
49,"Donec feugiat",25,"1641182579000"
50,"Sed nec",55,"1643583938000"
51,"Sed eget",6,"1700798310000"
52,"ut eros",55,"1649910376000"
53,"Nunc lectus",28,"1682725804000"
54,"eros turpis",97,"1639583632000"
55,"sem. Pellentesque",55,"1668086825000"
56,"sed dui.",20,"1668494006000"
57,"eros. Nam",87,"1677054045000"
58,"fermentum convallis",46,"1690193774000"
59,"malesuada ut,",92,"1657783445000"
60,"sit amet",63,"1659737556000"
61,"diam eu",62,"1700116877000"
62,"laoreet posuere,",36,"1689281531000"
63,"nulla. Donec",60,"1658040794000"
64,"enim. Sed",48,"1665862188000"
65,"eleifend, nunc",84,"1686543687000"
66,"eget lacus.",65,"1700353031000"
67,"odio. Phasellus",24,"1662725978000"
68,"malesuada malesuada.",14,"1677967053000"
69,"posuere cubilia",90,"1682788893000"
70,"vestibulum lorem,",75,"1662097515000"
71,"risus. Quisque",65,"1673399637000"
72,"vehicula. Pellentesque",81,"1639660400000"
73,"vitae, posuere",81,"1659722166000"
74,"amet luctus",80,"1659589175000"
75,"eget laoreet",34,"1685007678000"
76,"Fusce aliquet",63,"1669422849000"
77,"mauris a",29,"1639030929000"
78,"nec orci.",34,"1690394589000"
79,"facilisis lorem",37,"1646647029000"
80,"quis diam",73,"1647140620000"
81,"Phasellus libero",51,"1690765867000"
82,"Integer vulputate,",77,"1657657978000"
83,"Phasellus in",38,"1655958421000"
84,"semper egestas,",11,"1676922331000"
85,"parturient montes,",69,"1659732600000"
86,"vestibulum lorem,",71,"1660922941000"
87,"erat. Etiam",17,"1647088848000"
88,"orci lacus",3,"1671956632000"
89,"ut lacus.",16,"1674117550000"
90,"interdum. Sed",89,"1675367789000"
91,"quis arcu",53,"1696041389000"
92,"dolor. Fusce",36,"1665605574000"
93,"iaculis enim,",94,"1658180284000"
94,"nunc sed",62,"1697234812000"
95,"sollicitudin commodo",37,"1652083065000"
96,"sodales nisi",72,"1645356814000"
97,"dui lectus",72,"1675180550000"
98,"sed leo.",34,"1674656622000"
99,"inceptos hymenaeos.",97,"1696871972000"
100,"dolor dolor,",70,"1683299918000"
