"id","url","owner_id","created_at","description","uploaded_at","size"
1,"http://walmart.com/settings?page=1&offset=1",11,"1694389516000","et arcu","1664636089000","1024"
2,"https://wikipedia.org/site?ad=115",16,"1670674206000","Praesent interdum","1663594038000","1024"
3,"http://cnn.com/sub/cars?q=11",83,"1639566404000","a, aliquet","1651251405000","1024"
4,"http://twitter.com/sub?q=test",25,"1691089376000","Mauris","1658295756000","1024"
5,"https://instagram.com/en-ca?q=4",3,"1670363388000","Nunc","1639788157000","256"
6,"http://reddit.com/user/110?q=test",89,"1658710050000","nisl. Nulla","1640739049000","256"
7,"http://nytimes.com/en-ca?client=g",35,"1649869073000","felis purus ac","1658196829000","256"
8,"https://wikipedia.org/site?p=8",18,"1645277475000","magna.","1663109197000","256"
9,"https://walmart.com/one?str=se",14,"1666186245000","Cras","1655753758000","512"
10,"http://instagram.com/site?search=1&q=de",92,"1685603003000","risus, at","1666096894000","512"
11,"https://reddit.com/sub?str=se",96,"1668416067000","lacinia.","1660524382000","512"
12,"http://google.com/one?q=test",39,"1655065219000","leo elementum","1653396652000","512"
13,"http://zoom.us/sub?client=g",6,"1677832344000","In lorem.","1654631793000","128"
14,"http://naver.com/fr?page=1&offset=1",68,"1640820217000","sit","1645771839000","128"
15,"http://ebay.com/sub/cars?p=8",93,"1640522265000","est mauris,","1651299565000","128"
16,"http://wikipedia.org/fr?q=11",27,"1686506964000","luctus","1645999962000","128"
17,"https://naver.com/sub?gi=100",28,"1671685298000","Duis volutpat","1666158813000","64"
18,"https://twitter.com/site?search=1&q=de",11,"1650789347000","Phasellus","1665674781000","64"
19,"http://youtube.com/settings?ad=115",20,"1649131740000","tortor.","1650276352000","64"
20,"http://yahoo.com/sub?q=4",88,"1677578339000","Nullam","1646539740000","64"
21,"http://pinterest.com/site?q=11",10,"1696910629000","Cum sociis natoque","1639092396000","32"
22,"https://guardian.co.uk/sub?p=8",3,"1678062679000","sapien, cursus in,","1663957306000","32"
23,"http://yahoo.com/en-ca?ab=441&aad=2",33,"1686301581000","sapien. Aenean","1645771390000","32"
24,"http://baidu.com/fr?ad=115",35,"1695396596000","sed","1650009503000","32"
25,"http://netflix.com/fr?search=1&q=de",87,"1680607735000","faucibus","1656025484000","1024"
26,"http://youtube.com/en-us?ab=441&aad=2",64,"1642893000000","sem egestas","1661794633000","1024"
27,"https://naver.com/en-ca?ad=115",99,"1676363639000","semper tellus","1649472076000","1024"
28,"https://zoom.us/en-ca?gi=100",87,"1682175048000","bibendum. Donec felis","1663932039000","1024"
29,"http://guardian.co.uk/user/110?g=1",89,"1639897833000","quis massa.","1653871869000","256"
30,"http://whatsapp.com/en-us?page=1&offset=1",75,"1699213058000","ridiculus mus. Proin","1660359579000","256"
31,"https://naver.com/fr?search=1&q=de",48,"1654329356000","consectetuer euismod","1666796668000","256"
32,"http://naver.com/en-us?q=11",28,"1645042124000","egestas. Fusce","1639718243000","256"
33,"http://guardian.co.uk/site?gi=100",58,"1691357091000","vitae erat","1655910797000","512"
34,"https://youtube.com/one?page=1&offset=1",12,"1652409882000","mollis. Integer","1669483345000","512"
35,"https://walmart.com/sub?ab=441&aad=2",89,"1668244366000","nec tellus. Nunc","1640734208000","512"
36,"https://facebook.com/sub/cars?q=test",32,"1643052806000","et, eros.","1650201280000","512"
37,"https://instagram.com/site?q=0",58,"1662156534000","sit","1651772229000","128"
38,"https://whatsapp.com/fr?client=g",42,"1655674389000","erat volutpat.","1650962311000","128"
39,"http://youtube.com/sub?search=1",98,"1700204884000","Nam ligula","1645621708000","128"
40,"http://walmart.com/sub?q=11",82,"1701512167000","euismod","1643798107000","128"
41,"https://instagram.com/one?g=1",65,"1690168487000","eget tincidunt","1656588421000","64"
42,"http://yahoo.com/settings?q=test",99,"1675942976000","massa","1648612177000","64"
43,"https://google.com/site?k=0",42,"1667810984000","fringilla purus mauris","1649044713000","64"
44,"http://youtube.com/settings?str=se",19,"1660699175000","felis ullamcorper","1654912436000","64"
45,"http://youtube.com/settings?str=se",35,"1674042311000","fames ac turpis","1638824146000","32"
46,"http://reddit.com/group/9?q=4",98,"1648331667000","volutpat. Nulla facilisis.","1667583001000","32"
47,"http://yahoo.com/sub/cars?q=11",70,"1650486029000","In mi pede,","1644451263000","32"
48,"https://yahoo.com/user/110?search=1",77,"1643036525000","eros non","1658864910000","32"
49,"http://yahoo.com/sub/cars?str=se",68,"1664314344000","Praesent","1663129594000","1024"
50,"https://yahoo.com/en-ca?q=11",53,"1668019450000","Nam ligula elit,","1661963512000","1024"
51,"http://walmart.com/en-us?q=test",74,"1667371632000","amet, consectetuer adipiscing","1667858618000","1024"
52,"https://nytimes.com/en-us?page=1&offset=1",58,"1681479229000","ornare","1663104814000","1024"
53,"https://baidu.com/en-ca?q=11",67,"1655885243000","non nisi.","1654218929000","256"
54,"http://naver.com/one?g=1",64,"1699850606000","vehicula. Pellentesque","1642358277000","256"
55,"https://facebook.com/fr?g=1",18,"1695138175000","enim commodo","1656097055000","256"
56,"http://cnn.com/sub?p=8",27,"1665827234000","urna.","1668979850000","256"
57,"http://cnn.com/fr?search=1",87,"1669436941000","est, congue a,","1649443894000","512"
58,"http://cnn.com/user/110?p=8",6,"1665155043000","habitant morbi","1643763413000","512"
59,"https://bbc.co.uk/one?ab=441&aad=2",75,"1669003727000","eget ipsum. Suspendisse","1651699285000","512"
60,"https://ebay.com/settings?gi=100",21,"1664114394000","ipsum. Donec","1669611750000","512"
61,"https://nytimes.com/one?client=g",92,"1680064046000","sit","1639548257000","128"
62,"https://nytimes.com/sub/cars?str=se",15,"1661016245000","scelerisque","1646884326000","128"
63,"http://whatsapp.com/sub?q=4",16,"1661292464000","at sem molestie","1646689823000","128"
64,"https://netflix.com/sub?q=0",44,"1670308154000","Aenean eget metus.","1651126736000","128"
65,"http://pinterest.com/en-us?q=test",80,"1668297354000","vestibulum nec,","1661503080000","64"
66,"http://baidu.com/one?client=g",52,"1645446882000","nisi. Mauris nulla.","1652985861000","64"
67,"https://netflix.com/sub?q=test",94,"1700502414000","tellus","1666044686000","64"
68,"http://reddit.com/site?str=se",83,"1686244456000","vulputate ullamcorper magna.","1656205367000","64"
69,"https://nytimes.com/en-us?q=4",52,"1694382649000","cursus. Integer","1663699715000","32"
70,"https://nytimes.com/site?ad=115",21,"1670216145000","Nulla","1653788986000","32"
71,"https://cnn.com/user/110?p=8",79,"1671037534000","imperdiet ullamcorper. Duis","1661919284000","32"
72,"https://cnn.com/one?client=g",20,"1700954587000","Cras eu tellus","1642294468000","32"
73,"https://instagram.com/sub?client=g",38,"1649201078000","ipsum leo","1662588972000","1024"
74,"http://baidu.com/site?search=1",88,"1696721778000","eget odio. Aliquam","1660114653000","1024"
75,"https://youtube.com/site?ab=441&aad=2",82,"1682106841000","ipsum cursus","1646450402000","1024"
76,"https://cnn.com/fr?q=test",35,"1654111758000","vulputate, risus","1649767124000","1024"
77,"http://netflix.com/one?search=1",33,"1649750155000","nec","1647894146000","256"
78,"http://twitter.com/fr?str=se",33,"1687748478000","dui, semper","1655613420000","256"
79,"https://nytimes.com/one?q=11",68,"1675510783000","Aliquam nec","1645427568000","256"
80,"https://yahoo.com/en-ca?q=4",89,"1684897666000","mattis velit","1662554116000","256"
81,"https://youtube.com/group/9?search=1",21,"1662288617000","pellentesque massa lobortis","1652134000000","512"
82,"http://google.com/one?gi=100",61,"1678363777000","lorem, auctor","1643581954000","512"
83,"https://twitter.com/site?search=1&q=de",42,"1653437761000","lectus. Cum","1644139126000","512"
84,"https://twitter.com/en-ca?gi=100",45,"1682278101000","tempor erat","1654220109000","512"
85,"https://pinterest.com/en-us?client=g",31,"1662461320000","nec tellus.","1658557648000","128"
86,"https://nytimes.com/one?ab=441&aad=2",71,"1641258078000","per inceptos","1659223444000","128"
87,"https://walmart.com/group/9?q=4",36,"1659978865000","lacus.","1667186534000","128"
88,"https://netflix.com/site?q=4",11,"1655804761000","risus. Nunc","1650846384000","128"
89,"https://twitter.com/site?k=0",78,"1684276469000","erat volutpat. Nulla","1655569214000","64"
90,"http://guardian.co.uk/site?q=0",57,"1686910266000","ipsum non arcu.","1667906304000","64"
91,"https://google.com/settings?page=1&offset=1",65,"1695456834000","Proin","1657500704000","64"
92,"https://google.com/group/9?q=4",95,"1658622894000","vel sapien","1646436248000","64"
93,"http://instagram.com/group/9?client=g",25,"1683884961000","dui nec urna","1655488755000","32"
94,"http://pinterest.com/user/110?q=test",3,"1695937870000","auctor quis, tristique","1659870869000","32"
95,"http://cnn.com/en-us?ad=115",43,"1671823683000","molestie","1651353057000","32"
96,"http://reddit.com/en-ca?str=se",21,"1686298653000","amet ante.","1668730420000","32"
97,"https://cnn.com/one?page=1&offset=1",33,"1674149345000","ornare. In","1644801429000","1024"
98,"http://twitter.com/en-us?ab=441&aad=2",7,"1650395711000","lobortis risus.","1652393328000","1024"
99,"http://yahoo.com/fr?k=0",79,"1658430909000","erat.","1650901924000","1024"
100,"http://walmart.com/group/9?page=1&offset=1",15,"1657735133000","rutrum non,","1670009755000","1024"
