"id","first_name","last_name","email","phone","main_photo_id","created_at"
1,"Xyla","Erickson","tellus.phasellus.elit@outlook.com","360-1444",45,"1654623661000"
2,"Chester","Hopkins","blandit.enim@yahoo.edu","245-2326",22,"1638869264000"
3,"Mari","Dominguez","a.ultricies@google.edu","285-6851",17,"1669712841000"
4,"Deirdre","Peterson","elit.fermentum@protonmail.org","657-1046",23,"1643116125000"
5,"Hilel","Prince","tellus.justo@aol.edu","876-4109",13,"1655076829000"
6,"Venus","Mckenzie","aliquam.tincidunt.nunc@outlook.com","629-2667",38,"1660398541000"
7,"Hunter","Head","ut.nulla.cras@hotmail.com","773-8183",10,"1666130984000"
8,"Kylee","Cotton","magna.a@yahoo.ca","263-7616",17,"1645936510000"
9,"Martena","Levy","ipsum.leo@yahoo.edu","553-6151",22,"1663910734000"
10,"Ivy","Shannon","eu.nibh.vulputate@hotmail.couk","346-4857",41,"1643276883000"
11,"Genevieve","Rice","dui.lectus.rutrum@google.ca","643-2132",3,"1643471792000"
12,"Lilah","Huber","egestas@yahoo.couk","668-7468",41,"1658642478000"
13,"Sonya","Barton","cras.interdum@protonmail.net","638-1137",3,"1667153933000"
14,"Moana","Cantu","sit@protonmail.couk","706-5925",33,"1658510897000"
15,"Cody","Butler","feugiat.sed@hotmail.org","333-2372",20,"1657267319000"
16,"Hamilton","Pacheco","ipsum.phasellus.vitae@outlook.ca","736-1374",48,"1658642632000"
17,"Gage","Glass","lorem.semper.auctor@icloud.couk","928-4242",46,"1659851940000"
18,"Mark","Alvarez","primis.in@icloud.org","224-1849",33,"1668338273000"
19,"Jael","Key","risus.in@outlook.couk","327-3556",43,"1649259459000"
20,"Minerva","Giles","eleifend.non@icloud.org","906-8467",45,"1669625187000"
21,"Drew","Gay","consequat.lectus@hotmail.couk","464-0652",24,"1657992494000"
22,"Aquila","Shields","natoque.penatibus@aol.ca","423-2149",29,"1642694135000"
23,"Urielle","Kent","massa.suspendisse@hotmail.edu","752-4929",33,"1647239884000"
24,"Ali","Dean","quis@outlook.couk","345-4597",23,"1657450627000"
25,"Noel","Peterson","cursus.luctus@yahoo.org","737-1385",29,"1654219574000"
26,"Cyrus","Hogan","egestas.rhoncus@aol.edu","547-2985",22,"1652440028000"
27,"Neil","Lyons","consectetuer@icloud.net","727-9773",18,"1646240283000"
28,"Adele","Tillman","sed.neque@icloud.net","884-1934",9,"1644174841000"
29,"Willow","Robles","felis.donec@yahoo.org","195-1716",49,"1649672323000"
30,"Leila","Simpson","condimentum.donec@aol.ca","866-8192",43,"1642946575000"
31,"Mohammad","Fuentes","justo@icloud.net","787-8031",36,"1669766319000"
32,"Brian","Mason","auctor.vitae.aliquet@icloud.com","751-1560",43,"1666366143000"
33,"Lewis","Bright","nulla.eget@icloud.edu","482-9227",11,"1645514248000"
34,"Mira","Shepherd","magna.sed@aol.couk","982-4134",3,"1645041460000"
35,"Charde","Williamson","lorem.sit@icloud.com","717-2720",9,"1665719490000"
36,"Naomi","Best","penatibus.et@google.couk","454-3389",27,"1668316195000"
37,"Cedric","Barber","arcu@outlook.ca","543-8266",38,"1650881409000"
38,"Keiko","Morrison","hendrerit@icloud.couk","551-7411",14,"1649938136000"
39,"Russell","Mooney","lorem@icloud.couk","563-9846",17,"1648960033000"
40,"Shay","Cline","donec.porttitor@outlook.com","358-6624",34,"1641470553000"
41,"Nevada","Walsh","lacus.mauris@outlook.org","822-5648",29,"1657182274000"
42,"Benedict","Neal","augue.scelerisque@outlook.ca","137-8778",1,"1640212992000"
43,"Erica","Wilkins","sem@aol.edu","387-5327",8,"1642631464000"
44,"Hyacinth","Shepherd","aliquet.magna@yahoo.com","454-7348",8,"1662208912000"
45,"Deacon","Klein","ac.fermentum.vel@icloud.net","536-8265",43,"1662313541000"
46,"Alyssa","Marquez","elit.a.feugiat@protonmail.org","754-2332",22,"1663068266000"
47,"Nyssa","Brown","elit.pharetra@hotmail.couk","398-5266",19,"1665143829000"
48,"Nissim","Moon","faucibus@protonmail.com","281-1643",44,"1660687632000"
49,"Nicholas","Lynch","fames.ac@outlook.org","148-1495",49,"1648710116000"
50,"Raven","Justice","praesent.luctus@yahoo.couk","217-4393",27,"1647356593000"
51,"Isabella","Hebert","eu.lacus.quisque@hotmail.com","637-5437",17,"1655917188000"
52,"Keith","Henson","diam.sed@google.org","483-1573",38,"1648869335000"
53,"Rhonda","Guy","ullamcorper.duis@outlook.com","201-6636",44,"1661441072000"
54,"Hyacinth","Garner","eu.augue.porttitor@yahoo.com","453-4745",13,"1669204628000"
55,"Uriel","Crane","vestibulum.massa.rutrum@google.net","916-8775",8,"1650543199000"
56,"Harper","Everett","donec.egestas.aliquam@google.ca","652-2281",24,"1664119099000"
57,"Nomlanga","Mcconnell","arcu@aol.ca","437-8716",17,"1652421672000"
58,"Rashad","Jackson","sem@icloud.ca","215-1366",47,"1651711543000"
59,"Ulla","Simmons","id@yahoo.edu","771-6642",39,"1662403141000"
60,"Ramona","Vargas","elementum.purus@aol.ca","954-1565",41,"1663580379000"
61,"Zeus","Drake","pede.cum.sociis@hotmail.com","773-7546",37,"1659601865000"
62,"Emery","Mckee","erat@hotmail.net","483-8640",44,"1659303063000"
63,"Beau","Kent","mauris.erat@icloud.com","540-2160",17,"1654781481000"
64,"Tatum","Mckenzie","gravida@google.couk","313-3123",2,"1650390990000"
65,"Myra","Russo","dictum.sapien@outlook.com","534-2728",34,"1656842824000"
66,"Fleur","Dean","diam@icloud.net","173-7229",49,"1668803503000"
67,"Deacon","Cochran","mauris.sapien@protonmail.edu","482-8524",21,"1665088706000"
68,"Murphy","Schneider","vitae.purus.gravida@yahoo.com","223-4426",26,"1641798015000"
69,"Elvis","Howell","sed.dictum@aol.net","871-4315",43,"1656977055000"
70,"India","Robinson","cras@icloud.com","961-5945",16,"1659243970000"
71,"Frances","Parrish","nec@outlook.couk","282-9858",7,"1658385163000"
72,"Lewis","Hutchinson","sem.nulla@yahoo.couk","755-4893",13,"1645807044000"
73,"Chloe","Hess","a.arcu@aol.couk","184-5058",3,"1659416135000"
74,"Quintessa","Durham","curabitur@hotmail.com","722-6782",6,"1667185701000"
75,"Karly","Schneider","faucibus.id@outlook.ca","217-2385",3,"1656517051000"
76,"Willow","Cummings","donec.tempus@hotmail.net","735-8434",44,"1660981146000"
77,"Deanna","Zimmerman","ante.ipsum@protonmail.com","661-5944",23,"1646867564000"
78,"Mara","Holman","ante.maecenas@hotmail.couk","320-5572",33,"1667417631000"
79,"Althea","Jefferson","risus.a@google.couk","436-9670",38,"1639055128000"
80,"Seth","Holcomb","consequat@icloud.org","557-3857",6,"1649511923000"
81,"Macey","Morse","arcu.imperdiet@google.couk","561-0145",14,"1670224047000"
82,"Sade","Hodges","orci@hotmail.edu","571-8068",50,"1649659435000"
83,"Ciara","Hernandez","felis.purus@google.couk","751-2227",27,"1659185489000"
84,"Kaseem","Blackwell","nunc.id@aol.net","887-2876",45,"1646097365000"
85,"Laurel","Mclean","at.auctor@google.org","819-8818",6,"1651474680000"
86,"Aaron","Hardin","et.arcu@yahoo.net","743-6323",30,"1639008684000"
87,"Clinton","Oliver","nonummy.fusce@protonmail.net","368-5542",35,"1652275748000"
88,"Lysandra","Rosales","sit.amet@outlook.edu","535-2439",41,"1664161570000"
89,"Demetrius","Pollard","magnis.dis@outlook.net","788-7557",10,"1654183274000"
90,"Justin","Wynn","orci.phasellus@icloud.org","791-7718",42,"1659055971000"
91,"Zahir","Murray","nulla.donec@aol.org","956-1677",22,"1666642123000"
92,"Ciaran","Munoz","pede@icloud.couk","416-5948",22,"1649395985000"
93,"Camden","Hayden","senectus@hotmail.org","322-2263",5,"1662947623000"
94,"Louis","Henry","viverra.donec.tempus@protonmail.net","652-3615",2,"1649570389000"
95,"Lane","Edwards","nulla.interdum@hotmail.org","177-6081",2,"1657162651000"
96,"Upton","Hurley","tincidunt.vehicula@outlook.net","970-1827",14,"1641894005000"
97,"Kyra","Miller","egestas@aol.org","255-5561",22,"1640938655000"
98,"Malcolm","Kirkland","fusce.mi@aol.net","430-5415",13,"1652278261000"
99,"Louis","Welch","neque.vitae.semper@google.couk","748-3052",15,"1649220373000"
100,"Caldwell","Langley","pede@protonmail.org","748-0023",15,"1641974859000"
